NPRODUCTO,CONCURSO,F1,F2,F3,F4,F5,F6,BOLSA,FECHA
34,3351,1,5,12,21,35,44,11300000,15/01/2020
34,3350,16,31,33,36,49,52,10400000,12/01/2020
34,3349,7,10,13,26,46,53,10300000,08/01/2020
34,3348,1,2,12,22,35,36,10200000,05/01/2020
34,3347,5,17,18,35,40,49,10100000,01/01/2020
34,3346,13,27,32,35,39,47,10000000,29/12/2019
34,3345,13,16,22,32,48,50,38400000,25/12/2019
34,3344,4,12,22,38,39,51,36300000,22/12/2019
34,3343,5,11,20,28,44,56,34600000,18/12/2019
34,3342,2,3,22,47,49,50,32500000,15/12/2019
34,3341,15,20,22,44,48,56,30800000,11/12/2019
34,3340,24,34,41,43,45,50,28900000,08/12/2019
34,3339,2,26,28,44,47,56,27000000,04/12/2019
34,3338,17,29,32,38,43,56,25000000,01/12/2019
34,3337,24,33,38,40,47,48,23400000,27/11/2019
34,3336,7,9,22,27,44,51,21400000,24/11/2019
34,3335,13,15,21,37,46,52,19700000,20/11/2019
34,3334,5,10,14,38,39,40,17800000,17/11/2019
34,3333,16,17,35,42,44,48,16100000,13/11/2019
34,3332,19,22,26,29,41,44,14100000,10/11/2019
34,3331,3,9,15,36,44,52,12300000,06/11/2019
34,3330,9,31,32,34,52,54,10500000,03/11/2019
34,3329,2,11,18,23,34,48,10400000,30/10/2019
34,3328,3,35,36,46,47,52,10300000,27/10/2019
34,3327,5,14,24,50,51,53,10200000,23/10/2019
34,3326,5,9,13,15,38,40,10100000,20/10/2019
34,3325,4,25,26,33,41,52,10000000,16/10/2019
34,3324,7,20,26,41,53,55,259000000,13/10/2019
34,3323,9,13,16,21,30,42,257200000,09/10/2019
34,3322,8,16,25,50,52,56,255000000,06/10/2019
34,3321,2,3,14,23,28,55,252900000,02/10/2019
34,3320,5,13,25,44,50,55,250700000,29/09/2019
34,3319,14,17,27,39,49,54,248900000,25/09/2019
34,3318,6,8,20,26,29,51,246600000,22/09/2019
34,3317,20,35,40,41,43,45,244900000,18/09/2019
34,3316,5,10,20,25,31,44,242700000,15/09/2019
34,3315,17,26,35,45,46,48,241000000,11/09/2019
34,3314,2,8,11,17,43,52,238800000,08/09/2019
34,3313,22,33,39,43,54,55,236800000,04/09/2019
34,3312,5,13,19,20,25,38,234500000,01/09/2019
34,3311,5,10,37,38,40,46,232800000,28/08/2019
34,3310,1,5,28,32,43,52,230700000,25/08/2019
34,3309,16,39,41,47,52,53,228800000,21/08/2019
34,3308,8,15,19,27,34,37,226600000,18/08/2019
34,3307,4,12,20,28,44,46,224700000,14/08/2019
34,3306,10,25,26,28,31,45,222600000,11/08/2019
34,3305,4,15,24,38,55,56,220500000,07/08/2019
34,3304,1,2,4,15,21,43,218500000,04/08/2019
34,3303,6,12,28,44,50,56,216600000,31/07/2019
34,3302,1,5,10,38,48,49,214600000,28/07/2019
34,3301,14,15,34,36,41,44,212800000,24/07/2019
34,3300,3,10,19,29,41,44,210800000,21/07/2019
34,3299,9,16,20,30,39,40,208900000,17/07/2019
34,3298,2,20,34,42,45,50,206800000,14/07/2019
34,3297,7,12,27,31,38,40,205000000,10/07/2019
34,3296,29,33,40,46,48,53,202900000,07/07/2019
34,3295,8,17,28,34,43,48,201000000,03/07/2019
34,3294,22,28,29,31,55,56,198900000,30/06/2019
34,3293,3,4,16,21,25,29,197000000,26/06/2019
34,3292,7,8,11,13,24,37,195000000,23/06/2019
34,3291,4,11,17,41,46,53,193300000,19/06/2019
34,3290,15,22,25,33,34,43,191300000,16/06/2019
34,3289,9,18,20,22,34,41,189500000,12/06/2019
34,3288,1,11,22,26,52,53,187200000,09/06/2019
34,3287,6,13,28,29,31,46,185400000,05/06/2019
34,3286,14,15,17,27,36,40,183000000,02/06/2019
34,3285,17,20,34,39,42,47,181200000,29/05/2019
34,3284,32,41,47,48,51,56,179400000,26/05/2019
34,3283,5,7,41,49,51,55,177500000,22/05/2019
34,3282,5,8,12,21,27,47,175700000,19/05/2019
34,3281,1,8,26,32,42,44,173500000,15/05/2019
34,3280,9,35,42,44,55,56,171800000,12/05/2019
34,3279,5,15,31,40,51,52,169800000,08/05/2019
34,3278,12,16,23,31,33,48,167900000,05/05/2019
34,3277,1,7,33,41,45,55,166000000,01/05/2019
34,3276,1,5,23,29,30,51,163800000,28/04/2019
34,3275,8,26,30,40,45,47,162000000,24/04/2019
34,3274,4,8,9,22,35,52,160600000,21/04/2019
34,3273,6,8,23,28,38,44,158700000,17/04/2019
34,3272,12,21,30,31,45,49,156800000,14/04/2019
34,3271,19,28,34,36,41,42,154900000,10/04/2019
34,3270,6,7,33,34,36,52,153000000,07/04/2019
34,3269,4,7,15,19,42,44,151800000,03/04/2019
34,3268,3,11,16,19,54,56,149500000,31/03/2019
34,3267,8,9,24,40,45,46,147100000,27/03/2019
34,3266,10,14,40,46,53,55,144400000,24/03/2019
34,3265,18,23,32,33,39,40,142500000,20/03/2019
34,3264,12,17,19,26,39,49,140600000,17/03/2019
34,3263,7,25,26,39,40,46,138000000,13/03/2019
34,3262,9,14,17,31,42,50,136000000,10/03/2019
34,3261,6,13,25,37,48,53,133900000,06/03/2019
34,3260,9,19,26,28,34,44,131500000,03/03/2019
34,3259,9,12,31,34,52,56,129400000,27/02/2019
34,3258,1,13,16,20,28,50,127000000,24/02/2019
34,3257,7,8,21,29,40,51,125100000,20/02/2019
34,3256,5,30,32,34,36,43,123100000,17/02/2019
34,3255,4,11,20,36,46,54,121200000,13/02/2019
34,3254,1,4,16,30,33,41,119000000,10/02/2019
34,3253,23,27,39,48,50,54,116900000,06/02/2019
34,3252,2,10,18,46,47,54,114400000,03/02/2019
34,3251,4,14,18,29,36,50,113000000,30/01/2019
34,3250,3,5,6,12,34,43,110800000,27/01/2019
34,3249,4,13,24,26,36,50,108500000,23/01/2019
34,3248,3,33,37,41,50,51,106500000,20/01/2019
34,3247,4,19,30,32,36,48,104600000,16/01/2019
34,3246,4,6,29,40,42,43,102000000,13/01/2019
34,3245,11,24,34,45,50,56,100000000,09/01/2019
34,3244,6,24,28,32,47,52,98000000,06/01/2019
34,3243,5,9,16,22,50,55,96000000,02/01/2019
34,3242,27,28,29,31,42,48,94000000,30/12/2018
34,3241,10,29,37,44,50,52,92000000,26/12/2018
34,3240,5,23,24,39,42,53,90000000,23/12/2018
34,3239,2,22,30,34,40,55,88000000,19/12/2018
34,3238,11,13,19,25,28,49,85700000,16/12/2018
34,3237,12,18,35,39,44,47,84100000,12/12/2018
34,3236,1,10,21,25,30,47,82000000,09/12/2018
34,3235,17,18,22,26,44,54,80000000,05/12/2018
34,3234,2,12,14,21,22,33,77900000,02/12/2018
34,3233,6,24,36,40,47,54,76000000,28/11/2018
34,3232,12,20,29,38,39,47,73800000,25/11/2018
34,3231,1,2,6,25,39,44,72200000,21/11/2018
34,3230,8,24,25,49,51,52,70300000,18/11/2018
34,3229,2,9,11,32,35,46,68800000,14/11/2018
34,3228,8,10,31,38,46,49,66500000,11/11/2018
34,3227,1,10,19,34,49,52,64500000,07/11/2018
34,3226,10,15,22,25,26,34,62000000,04/11/2018
34,3225,7,25,33,35,40,45,60000000,31/10/2018
34,3224,4,11,15,16,41,50,58000000,28/10/2018
34,3223,3,5,10,14,35,54,56300000,24/10/2018
34,3222,16,17,19,24,47,56,53900000,21/10/2018
34,3221,3,6,8,12,47,56,52400000,17/10/2018
34,3220,11,32,33,38,41,50,50200000,14/10/2018
34,3219,17,21,25,27,32,55,48500000,10/10/2018
34,3218,8,9,18,19,45,49,46600000,07/10/2018
34,3217,9,13,15,29,45,46,44700000,03/10/2018
34,3216,34,39,42,44,45,48,42300000,30/09/2018
34,3215,6,21,22,33,34,54,40700000,26/09/2018
34,3214,12,22,48,52,53,55,38700000,23/09/2018
34,3213,16,21,34,43,50,52,37000000,19/09/2018
34,3212,9,14,38,40,51,55,35600000,16/09/2018
34,3211,16,33,40,52,53,54,33600000,12/09/2018
34,3210,15,20,25,39,45,47,31700000,09/09/2018
34,3209,3,18,38,40,42,45,30300000,05/09/2018
34,3208,5,22,29,43,49,50,28500000,02/09/2018
34,3207,5,21,22,25,32,34,26300000,29/08/2018
34,3206,2,3,14,45,53,56,24800000,26/08/2018
34,3205,8,9,20,44,46,53,22800000,22/08/2018
34,3204,5,8,33,39,49,55,20900000,19/08/2018
34,3203,7,13,40,42,44,51,19200000,15/08/2018
34,3202,13,20,22,28,35,56,17400000,12/08/2018
34,3201,3,6,9,32,33,50,15700000,08/08/2018
34,3200,13,16,38,43,50,51,13700000,05/08/2018
34,3199,16,17,19,44,45,53,11900000,01/08/2018
34,3198,4,13,27,31,36,45,10500000,29/07/2018
34,3197,8,20,22,25,35,36,10400000,25/07/2018
34,3196,9,17,25,29,30,56,10300000,22/07/2018
34,3195,6,22,24,33,46,56,10200000,18/07/2018
34,3194,7,8,12,16,32,35,10100000,15/07/2018
34,3193,3,7,13,14,43,44,10000000,11/07/2018
34,3192,23,25,32,47,50,52,10400000,08/07/2018
34,3191,12,14,19,33,46,48,10300000,04/07/2018
34,3190,13,14,16,48,49,56,10200000,01/07/2018
34,3189,11,29,33,40,51,55,10100000,27/06/2018
34,3188,1,6,7,17,18,38,10000000,24/06/2018
34,3187,6,9,19,21,37,44,241900000,20/06/2018
34,3186,1,8,13,35,36,51,240000000,17/06/2018
34,3185,2,3,5,6,12,38,238500000,13/06/2018
34,3184,16,33,35,39,48,50,236000000,10/06/2018
34,3183,13,15,17,23,47,56,234500000,06/06/2018
34,3182,10,15,33,42,43,44,232000000,03/06/2018
34,3181,2,7,18,48,52,55,230300000,30/05/2018
34,3180,6,23,24,32,41,44,228000000,27/05/2018
34,3179,3,8,34,42,49,54,226200000,23/05/2018
34,3178,8,22,23,28,38,45,224600000,20/05/2018
34,3177,10,32,45,46,53,56,222300000,16/05/2018
34,3176,17,18,33,36,50,54,220500000,13/05/2018
34,3175,26,27,34,47,48,52,218500000,09/05/2018
34,3174,13,17,26,35,45,56,216500000,06/05/2018
34,3173,9,13,23,42,44,48,214700000,02/05/2018
34,3172,10,11,12,13,15,23,212700000,29/04/2018
34,3171,4,16,28,33,34,45,211000000,25/04/2018
34,3170,24,30,33,42,44,47,209000000,22/04/2018
34,3169,12,30,36,40,45,48,207500000,18/04/2018
34,3168,9,18,22,24,50,55,205200000,15/04/2018
34,3167,4,37,38,42,50,54,203200000,11/04/2018
34,3166,13,23,26,33,37,56,201700000,08/04/2018
34,3165,16,25,30,36,51,53,199700000,04/04/2018
34,3164,12,28,29,36,50,56,198000000,01/04/2018
34,3163,1,8,21,28,41,42,196500000,28/03/2018
34,3162,8,13,20,27,48,49,194600000,25/03/2018
34,3161,18,20,25,32,43,55,192800000,21/03/2018
34,3160,7,8,20,24,32,41,190900000,18/03/2018
34,3159,25,30,34,42,49,56,189300000,14/03/2018
34,3158,23,29,34,49,52,55,187300000,11/03/2018
34,3157,11,18,21,30,34,40,185500000,07/03/2018
34,3156,6,12,22,23,24,39,183600000,04/03/2018
34,3155,4,9,10,16,35,50,182000000,28/02/2018
34,3154,11,13,28,32,41,51,180000000,25/02/2018
34,3153,16,19,23,40,43,55,178700000,21/02/2018
34,3152,17,26,30,32,48,49,176500000,18/02/2018
34,3151,12,25,30,37,43,53,174900000,14/02/2018
34,3150,3,7,25,28,42,44,172900000,11/02/2018
34,3149,6,8,26,34,35,38,171500000,07/02/2018
34,3148,2,4,7,11,23,46,169500000,04/02/2018
34,3147,14,18,25,35,36,55,168000000,31/01/2018
34,3146,4,13,14,19,30,38,166000000,28/01/2018
34,3145,4,5,10,23,29,35,164500000,24/01/2018
34,3144,16,33,35,42,50,53,162500000,21/01/2018
34,3143,6,24,31,34,40,48,161000000,17/01/2018
34,3142,9,14,15,51,53,54,159500000,14/01/2018
34,3141,4,8,11,23,45,49,157700000,10/01/2018
34,3140,17,19,27,39,41,45,155500000,07/01/2018
34,3139,9,12,17,22,39,41,153700000,03/01/2018
34,3138,9,35,39,43,55,56,151700000,31/12/2017
34,3137,6,8,25,26,27,35,149900000,27/12/2017
34,3136,20,30,38,39,43,53,148600000,24/12/2017
34,3135,3,19,20,43,46,49,146600000,20/12/2017
34,3134,8,11,30,32,42,52,145000000,17/12/2017
34,3133,21,23,29,31,32,47,143800000,13/12/2017
34,3132,9,18,24,29,30,52,142000000,10/12/2017
34,3131,33,34,35,40,44,52,140000000,06/12/2017
34,3130,2,3,11,20,23,34,138500000,03/12/2017
34,3129,2,15,32,35,45,54,136600000,29/11/2017
34,3128,1,2,17,49,51,56,134700000,26/11/2017
34,3127,37,40,42,44,48,50,133400000,22/11/2017
34,3126,4,8,31,41,47,50,132300000,19/11/2017
34,3125,7,10,20,38,48,50,130000000,15/11/2017
34,3124,12,16,28,46,51,55,128400000,12/11/2017
34,3123,24,38,43,46,50,52,126900000,08/11/2017
34,3122,9,23,25,32,40,54,125000000,05/11/2017
34,3121,2,13,15,20,32,35,123700000,01/11/2017
34,3120,1,3,11,12,21,31,122000000,29/10/2017
34,3119,1,7,11,17,41,45,120300000,25/10/2017
34,3118,7,12,17,20,21,22,118900000,22/10/2017
34,3117,3,6,12,41,46,47,117000000,18/10/2017
34,3116,2,28,30,39,43,54,115500000,15/10/2017
34,3115,9,17,41,42,45,49,114500000,11/10/2017
34,3114,10,14,21,35,40,44,112000000,08/10/2017
34,3113,10,18,20,22,26,40,110000000,04/10/2017
34,3112,19,22,25,42,50,55,108500000,01/10/2017
34,3111,3,8,26,35,50,53,107000000,27/09/2017
34,3110,9,13,20,49,52,53,106000000,24/09/2017
34,3109,10,27,31,37,41,48,105000000,20/09/2017
34,3108,19,22,26,30,42,49,103000000,17/09/2017
34,3107,9,12,20,46,50,55,101500000,13/09/2017
34,3106,1,9,16,28,29,47,100000000,10/09/2017
34,3105,7,10,18,30,33,47,98000000,06/09/2017
34,3104,12,13,36,38,39,45,96000000,03/09/2017
34,3103,4,6,8,11,12,34,95000000,30/08/2017
34,3102,1,9,24,34,46,50,93000000,27/08/2017
34,3101,1,2,5,14,15,24,91500000,23/08/2017
34,3100,2,19,29,42,50,53,90000000,20/08/2017
34,3099,7,10,17,18,32,48,88500000,16/08/2017
34,3098,16,24,25,28,37,44,86500000,13/08/2017
34,3097,14,25,30,38,40,43,85500000,09/08/2017
34,3096,8,10,23,25,30,47,83500000,06/08/2017
34,3095,5,24,26,29,45,47,82000000,02/08/2017
34,3094,20,25,36,45,46,52,80500000,30/07/2017
34,3093,3,4,10,25,26,52,79000000,26/07/2017
34,3092,18,32,36,42,47,48,77000000,23/07/2017
34,3091,7,14,16,34,38,53,76000000,19/07/2017
34,3090,3,4,23,30,38,55,74200000,16/07/2017
34,3089,1,9,25,33,42,43,73300000,12/07/2017
34,3088,7,19,21,28,50,53,71400000,09/07/2017
34,3087,18,25,29,32,37,48,69700000,05/07/2017
34,3086,19,22,29,30,53,55,68100000,02/07/2017
34,3085,2,7,16,19,26,35,66800000,28/06/2017
34,3084,14,24,30,41,51,56,65300000,25/06/2017
34,3083,17,18,27,32,52,53,63500000,21/06/2017
34,3082,1,3,5,14,22,31,62000000,18/06/2017
34,3081,8,9,13,34,36,39,60500000,14/06/2017
34,3080,10,35,41,46,53,56,59000000,11/06/2017
34,3079,2,7,26,37,47,50,58000000,07/06/2017
34,3078,6,7,14,20,36,40,56100000,04/06/2017
34,3077,25,28,30,43,47,53,54400000,31/05/2017
34,3076,13,15,17,27,52,54,53000000,28/05/2017
34,3075,2,21,25,32,48,52,52000000,24/05/2017
34,3074,19,29,34,36,41,51,50000000,21/05/2017
34,3073,10,12,21,48,51,56,48800000,17/05/2017
34,3072,10,20,30,35,39,49,47000000,14/05/2017
34,3071,17,21,26,40,43,52,45500000,10/05/2017
34,3070,1,4,10,32,45,47,44000000,07/05/2017
34,3069,19,20,27,30,46,56,43000000,03/05/2017
34,3068,11,27,30,32,45,55,41300000,30/04/2017
34,3067,7,8,21,24,29,42,40100000,26/04/2017
34,3066,2,3,4,7,40,56,38400000,23/04/2017
34,3065,6,14,21,24,38,41,37100000,19/04/2017
34,3064,4,5,7,15,21,55,35800000,16/04/2017
34,3063,6,9,16,27,43,53,34000000,12/04/2017
34,3062,4,13,17,23,39,45,33200000,09/04/2017
34,3061,8,16,33,39,43,44,31400000,05/04/2017
34,3060,4,16,22,34,40,48,30100000,02/04/2017
34,3059,4,7,10,24,28,33,28800000,29/03/2017
34,3058,1,6,11,15,33,49,27400000,26/03/2017
34,3057,3,5,14,16,30,53,26000000,22/03/2017
34,3056,24,26,28,31,52,56,24600000,19/03/2017
34,3055,3,14,19,20,31,34,23400000,15/03/2017
34,3054,2,17,30,45,54,56,21500000,12/03/2017
34,3053,11,12,22,34,43,49,20400000,08/03/2017
34,3052,5,8,27,28,31,40,18500000,05/03/2017
34,3051,6,8,21,32,41,45,17000000,01/03/2017
34,3050,2,10,17,22,23,29,15400000,26/02/2017
34,3049,19,20,33,40,49,50,14000000,22/02/2017
34,3048,9,16,19,37,46,49,12000000,19/02/2017
34,3047,7,9,10,23,32,54,11000000,15/02/2017
34,3046,12,13,14,17,24,53,10500000,12/02/2017
34,3045,1,6,17,50,54,56,10400000,08/02/2017
34,3044,22,23,30,44,48,50,10300000,05/02/2017
34,3043,1,21,22,34,37,46,10200000,01/02/2017
34,3042,2,11,14,25,41,46,10100000,29/01/2017
34,3041,5,10,29,35,38,46,10000000,25/01/2017
34,3040,7,19,21,28,35,46,17000000,22/01/2017
34,3039,1,32,33,37,42,45,15500000,18/01/2017
34,3038,2,3,32,52,53,54,14500000,15/01/2017
34,3037,12,22,25,28,40,53,12500000,11/01/2017
34,3036,1,22,23,35,39,44,10600000,08/01/2017
34,3035,3,12,16,26,29,46,10500000,04/01/2017
34,3034,16,32,35,36,44,50,10400000,01/01/2017
34,3033,9,22,27,39,46,48,10300000,28/12/2016
34,3032,26,29,30,35,52,54,10200000,25/12/2016
34,3031,2,4,7,26,38,47,10100000,21/12/2016
34,3030,16,23,35,37,53,55,10000000,18/12/2016
34,3029,3,20,29,40,49,50,136000000,14/12/2016
34,3028,24,26,30,48,53,56,134700000,11/12/2016
34,3027,1,4,18,36,37,55,133000000,07/12/2016
34,3026,17,18,19,27,29,49,131000000,04/12/2016
34,3025,7,15,22,28,40,49,129500000,30/11/2016
34,3024,14,26,28,44,50,51,127500000,27/11/2016
34,3023,2,13,44,51,53,55,126000000,23/11/2016
34,3022,14,16,17,21,30,44,124000000,20/11/2016
34,3021,17,20,21,30,43,46,122000000,16/11/2016
34,3020,25,39,41,43,48,55,120500000,13/11/2016
34,3019,6,21,25,32,40,42,118500000,09/11/2016
34,3018,29,30,43,44,52,55,117000000,06/11/2016
34,3017,16,20,21,23,24,56,115000000,02/11/2016
34,3016,6,9,34,40,46,56,113000000,30/10/2016
34,3015,3,5,14,29,30,56,111500000,26/10/2016
34,3014,4,12,18,25,41,48,109500000,23/10/2016
34,3013,15,16,20,26,28,39,108000000,19/10/2016
34,3012,6,23,28,32,52,53,106000000,16/10/2016
34,3011,9,22,31,35,37,52,104500000,12/10/2016
34,3010,22,25,33,42,54,56,102500000,09/10/2016
34,3009,11,13,14,18,22,53,101000000,05/10/2016
34,3008,6,8,9,19,32,34,99000000,02/10/2016
34,3007,24,32,43,48,50,54,97000000,28/09/2016
34,3006,4,39,44,49,51,56,96000000,25/09/2016
34,3005,16,25,32,40,43,54,94000000,21/09/2016
34,3004,6,26,30,40,47,49,92500000,18/09/2016
34,3003,4,9,15,22,33,35,91000000,14/09/2016
34,3002,16,23,33,35,46,55,89300000,11/09/2016
34,3001,4,7,20,26,45,51,87400000,07/09/2016
34,3000,24,28,33,46,50,51,85500000,04/09/2016
34,2999,1,4,5,28,30,53,84200000,31/08/2016
34,2998,5,25,28,36,40,48,82700000,28/08/2016
34,2997,1,11,18,42,51,55,80800000,24/08/2016
34,2996,19,22,25,31,43,44,79000000,21/08/2016
34,2995,2,14,18,21,46,49,77000000,17/08/2016
34,2994,6,9,19,20,32,49,75500000,14/08/2016
34,2993,12,23,30,36,46,53,74500000,10/08/2016
34,2992,2,9,36,45,50,54,72500000,07/08/2016
34,2991,10,19,21,32,44,52,71000000,03/08/2016
34,2990,16,21,37,41,45,46,69000000,31/07/2016
34,2989,9,24,30,41,43,53,67000000,27/07/2016
34,2988,8,33,40,43,44,53,66000000,24/07/2016
34,2987,25,39,44,46,50,55,64000000,20/07/2016
34,2986,23,26,38,47,50,55,62500000,17/07/2016
34,2985,3,6,23,24,39,45,61000000,13/07/2016
34,2984,4,10,19,22,40,49,59000000,10/07/2016
34,2983,3,5,11,18,36,54,58000000,06/07/2016
34,2982,2,11,22,43,50,55,56000000,03/07/2016
34,2981,6,20,21,39,44,56,54500000,29/06/2016
34,2980,4,8,23,29,44,55,52000000,26/06/2016
34,2979,10,12,14,17,47,52,51000000,22/06/2016
34,2978,2,18,42,45,48,54,49500000,19/06/2016
34,2977,1,10,12,19,31,56,48000000,15/06/2016
34,2976,7,16,17,25,37,54,46000000,12/06/2016
34,2975,14,23,25,29,41,43,44300000,08/06/2016
34,2974,6,12,29,30,39,55,43000000,05/06/2016
34,2973,5,11,15,17,47,48,41500000,01/06/2016
34,2972,27,31,35,40,44,54,39900000,29/05/2016
34,2971,7,9,23,40,49,52,38200000,25/05/2016
34,2970,5,12,38,40,47,56,36800000,22/05/2016
34,2969,2,10,13,22,35,44,35500000,18/05/2016
34,2968,13,14,27,30,41,44,34000000,15/05/2016
34,2967,6,7,28,29,36,48,32500000,11/05/2016
34,2966,1,3,16,22,31,46,30600000,08/05/2016
34,2965,2,6,26,31,35,52,29000000,04/05/2016
34,2964,2,5,30,36,42,55,27000000,01/05/2016
34,2963,11,16,19,35,42,46,26000000,27/04/2016
34,2962,1,10,14,16,34,48,24500000,24/04/2016
34,2961,9,16,25,38,46,56,23000000,20/04/2016
34,2960,16,20,24,26,40,44,21300000,17/04/2016
34,2959,10,18,27,36,42,49,20000000,13/04/2016
34,2958,1,21,24,39,40,51,18500000,10/04/2016
34,2957,3,7,14,23,33,46,16600000,06/04/2016
34,2956,6,15,17,23,35,54,15700000,03/04/2016
34,2955,4,8,34,40,50,56,13800000,30/03/2016
34,2954,17,23,24,26,36,51,11900000,27/03/2016
34,2953,8,12,25,30,34,42,10700000,23/03/2016
34,2952,1,10,13,28,29,40,10500000,20/03/2016
34,2951,16,21,25,27,47,54,10400000,16/03/2016
34,2950,4,5,20,24,32,42,10300000,13/03/2016
34,2949,17,19,38,43,51,55,10200000,09/03/2016
34,2948,5,18,29,41,48,49,10100000,06/03/2016
34,2947,2,15,32,34,52,56,10000000,02/03/2016
34,2946,2,12,21,30,33,54,262500000,28/02/2016
34,2945,6,21,22,34,41,52,260000000,24/02/2016
34,2944,7,8,13,41,52,53,258000000,21/02/2016
34,2943,4,7,32,35,49,56,257000000,17/02/2016
34,2942,1,16,22,41,42,49,254500000,14/02/2016
34,2941,24,25,26,38,47,56,253000000,10/02/2016
34,2940,31,38,40,41,46,53,251000000,07/02/2016
34,2939,9,30,39,40,48,54,249000000,03/02/2016
34,2938,12,21,26,30,38,43,248000000,31/01/2016
34,2937,1,14,29,30,31,56,246000000,27/01/2016
34,2936,16,18,24,25,30,49,244000000,24/01/2016
34,2935,13,20,23,38,44,51,242000000,20/01/2016
34,2934,6,11,12,19,32,38,240000000,17/01/2016
34,2933,5,31,35,43,46,55,238500000,13/01/2016
34,2932,20,26,28,39,49,51,236000000,10/01/2016
34,2931,2,20,29,35,37,47,234000000,06/01/2016
34,2930,5,13,30,32,44,54,232500000,03/01/2016
34,2929,5,7,11,36,47,55,231000000,30/12/2015
34,2928,2,19,29,37,50,54,229000000,27/12/2015
34,2927,2,7,30,40,43,53,227000000,23/12/2015
34,2926,6,23,31,38,45,51,225000000,20/12/2015
34,2925,5,14,21,31,41,48,223000000,16/12/2015
34,2924,14,15,29,35,42,56,221500000,13/12/2015
34,2923,15,16,20,36,43,54,219000000,09/12/2015
34,2922,4,10,21,29,51,56,217500000,06/12/2015
34,2921,1,6,10,24,30,53,216000000,02/12/2015
34,2920,16,18,22,41,44,49,214000000,29/11/2015
34,2919,11,15,26,32,35,47,212000000,25/11/2015
34,2918,8,19,31,38,46,48,210500000,22/11/2015
34,2917,11,14,16,46,50,51,209000000,18/11/2015
34,2916,4,8,13,15,19,24,207000000,15/11/2015
34,2915,5,28,29,30,40,52,205000000,11/11/2015
34,2914,3,8,9,27,37,44,203000000,08/11/2015
34,2913,8,11,24,25,33,56,202000000,04/11/2015
34,2912,4,12,25,34,43,47,200000000,01/11/2015
34,2911,3,30,31,45,53,54,198500000,28/10/2015
34,2910,14,15,21,28,35,39,197000000,25/10/2015
34,2909,2,13,19,27,28,46,195000000,21/10/2015
34,2908,17,18,33,41,44,54,193000000,18/10/2015
34,2907,3,18,29,32,34,38,191500000,14/10/2015
34,2906,8,15,23,38,45,56,190000000,11/10/2015
34,2905,14,16,19,34,40,50,188500000,07/10/2015
34,2904,2,7,10,21,51,53,187000000,04/10/2015
34,2903,9,20,25,27,45,51,185000000,30/09/2015
34,2902,3,27,35,40,47,49,183000000,27/09/2015
34,2901,1,16,18,50,54,56,181500000,23/09/2015
34,2900,20,29,32,36,46,47,179000000,20/09/2015
34,2899,7,8,13,28,37,38,176500000,16/09/2015
34,2898,18,22,28,37,45,56,174500000,13/09/2015
34,2897,14,18,26,29,47,48,173000000,09/09/2015
34,2896,1,18,22,31,33,44,171000000,06/09/2015
34,2895,6,9,10,15,21,37,169000000,02/09/2015
34,2894,6,8,11,21,37,54,166500000,30/08/2015
34,2893,10,14,22,45,50,56,164500000,26/08/2015
34,2892,3,15,33,35,36,46,162500000,23/08/2015
34,2891,5,6,14,27,36,55,161000000,19/08/2015
34,2890,9,10,24,35,38,47,158500000,16/08/2015
34,2889,2,31,37,40,47,48,156500000,12/08/2015
34,2888,4,8,11,39,43,53,154500000,09/08/2015
34,2887,4,9,13,14,38,40,153000000,05/08/2015
34,2886,5,13,20,22,48,56,151000000,02/08/2015
34,2885,4,6,7,16,31,46,149000000,29/07/2015
34,2884,6,8,36,42,52,53,147000000,26/07/2015
34,2883,4,6,22,33,39,55,145500000,22/07/2015
34,2882,3,9,16,20,40,55,143500000,19/07/2015
34,2881,14,20,44,48,49,51,141500000,15/07/2015
34,2880,1,8,27,35,38,45,140000000,12/07/2015
34,2879,20,36,43,47,49,52,138500000,08/07/2015
34,2878,10,18,25,29,38,51,136000000,05/07/2015
34,2877,28,32,34,36,43,49,134500000,01/07/2015
34,2876,14,28,29,36,45,50,132500000,28/06/2015
34,2875,25,32,35,39,41,53,131000000,24/06/2015
34,2874,1,2,18,21,26,46,129000000,21/06/2015
34,2873,6,12,35,43,50,55,127500000,17/06/2015
34,2872,3,8,26,31,40,49,125500000,14/06/2015
34,2871,9,10,14,15,26,52,124000000,10/06/2015
34,2870,3,21,27,28,35,55,122000000,07/06/2015
34,2869,10,22,28,30,43,56,120000000,03/06/2015
34,2868,7,14,18,28,29,33,118500000,31/05/2015
34,2867,14,18,24,27,32,56,117000000,27/05/2015
34,2866,1,3,8,28,29,45,114000000,24/05/2015
34,2865,1,2,14,22,31,45,113000000,20/05/2015
34,2864,1,8,15,39,42,50,111500000,17/05/2015
34,2863,14,30,33,41,44,49,110000000,13/05/2015
34,2862,5,13,42,44,46,48,108000000,10/05/2015
34,2861,9,10,13,21,38,43,106500000,06/05/2015
34,2860,4,25,26,34,39,51,105000000,03/05/2015
34,2859,4,5,23,24,26,38,103000000,29/04/2015
34,2858,3,25,36,50,53,55,101500000,26/04/2015
34,2857,2,3,8,20,51,55,100000000,22/04/2015
34,2856,5,14,18,33,38,54,98500000,19/04/2015
34,2855,12,19,28,34,42,53,96500000,15/04/2015
34,2854,7,9,15,23,42,44,94000000,12/04/2015
34,2853,35,41,43,48,49,52,92500000,08/04/2015
34,2852,5,14,29,30,46,55,91000000,05/04/2015
34,2851,7,8,10,17,26,48,89500000,01/04/2015
34,2850,11,16,41,43,53,56,88000000,29/03/2015
34,2849,13,16,24,41,44,54,86500000,25/03/2015
34,2848,7,12,14,18,34,41,85000000,22/03/2015
34,2847,5,26,39,46,52,53,83000000,18/03/2015
34,2846,10,11,12,39,48,51,81000000,15/03/2015
34,2845,6,12,25,46,47,49,79500000,11/03/2015
34,2844,10,26,28,34,46,55,78000000,08/03/2015
34,2843,11,15,29,31,36,42,76500000,04/03/2015
34,2842,17,18,29,31,32,39,74500000,01/03/2015
34,2841,5,30,33,45,47,48,73000000,25/02/2015
34,2840,14,29,31,45,51,55,71000000,22/02/2015
34,2839,1,6,9,22,29,50,69500000,18/02/2015
34,2838,4,5,7,26,32,53,68000000,15/02/2015
34,2837,22,28,29,41,43,49,66000000,11/02/2015
34,2836,13,15,17,28,35,43,64500000,08/02/2015
34,2835,6,24,40,47,48,51,63000000,04/02/2015
34,2834,23,25,34,37,39,51,61000000,01/02/2015
34,2833,1,17,27,34,42,52,60000000,28/01/2015
34,2832,3,19,29,31,34,37,58000000,25/01/2015
34,2831,7,8,15,36,46,54,56000000,21/01/2015
34,2830,1,2,9,12,37,47,54000000,18/01/2015
34,2829,10,12,19,21,32,43,53000000,14/01/2015
34,2828,23,25,26,32,41,48,52000000,11/01/2015
34,2827,3,5,37,43,44,52,50000000,07/01/2015
34,2826,2,7,12,18,41,54,48000000,04/01/2015
34,2825,17,23,51,53,54,56,46000000,31/12/2014
34,2824,13,19,33,37,53,56,44000000,28/12/2014
34,2823,1,29,32,33,42,44,42500000,24/12/2014
34,2822,4,7,35,42,48,49,41000000,21/12/2014
34,2821,7,9,12,42,44,51,40000000,17/12/2014
34,2820,10,28,34,35,39,55,38500000,14/12/2014
34,2819,2,10,25,33,39,52,37000000,10/12/2014
34,2818,6,10,11,15,40,49,35000000,07/12/2014
34,2817,5,15,22,28,41,51,33500000,03/12/2014
34,2816,10,16,17,24,28,55,31000000,30/11/2014
34,2815,2,26,27,33,39,41,30000000,26/11/2014
34,2814,2,22,26,32,49,51,29000000,23/11/2014
34,2813,3,7,18,29,54,56,27500000,19/11/2014
34,2812,5,14,19,23,37,54,25500000,16/11/2014
34,2811,4,6,19,26,29,36,24000000,12/11/2014
34,2810,14,24,31,49,54,56,22000000,09/11/2014
34,2809,35,38,39,42,46,50,20000000,05/11/2014
34,2808,3,6,13,20,21,44,18500000,02/11/2014
34,2807,3,13,20,33,49,54,17000000,29/10/2014
34,2806,6,12,18,19,29,36,15000000,26/10/2014
34,2805,1,16,27,30,37,44,14000000,22/10/2014
34,2804,6,17,27,38,46,52,13000000,19/10/2014
34,2803,4,10,11,48,49,51,12500000,15/10/2014
34,2802,1,7,31,36,47,54,12000000,12/10/2014
34,2801,4,7,10,12,31,35,11500000,08/10/2014
34,2800,10,22,33,45,54,56,11000000,05/10/2014
34,2799,7,20,31,37,50,56,10500000,01/10/2014
34,2798,2,9,11,20,44,56,10000000,28/09/2014
34,2797,1,6,15,21,25,38,110000000,24/09/2014
34,2796,4,6,10,38,52,53,108500000,21/09/2014
34,2795,8,13,18,21,30,38,107000000,17/09/2014
34,2794,4,24,38,40,53,56,105000000,14/09/2014
34,2793,15,30,37,40,51,56,103500000,10/09/2014
34,2792,2,3,5,23,28,51,102000000,07/09/2014
34,2791,14,21,28,30,34,45,100000000,03/09/2014
34,2790,3,6,10,22,25,27,98000000,31/08/2014
34,2789,12,14,19,27,40,42,97000000,27/08/2014
34,2788,6,13,14,29,36,54,95000000,24/08/2014
34,2787,13,21,35,36,37,53,93000000,20/08/2014
34,2786,10,11,17,29,42,46,91000000,17/08/2014
34,2785,3,6,9,18,19,52,89000000,13/08/2014
34,2784,3,6,7,11,18,36,87000000,10/08/2014
34,2783,5,12,14,39,50,56,85500000,06/08/2014
34,2782,7,19,22,32,48,49,83000000,03/08/2014
34,2781,12,15,24,38,45,49,81500000,30/07/2014
34,2780,4,18,23,45,47,53,79500000,27/07/2014
34,2779,1,22,24,25,26,29,78000000,23/07/2014
34,2778,8,23,28,41,49,53,76000000,20/07/2014
34,2777,7,14,19,31,35,50,74500000,16/07/2014
34,2776,2,4,6,15,35,37,72500000,13/07/2014
34,2775,3,6,38,49,53,54,71000000,09/07/2014
34,2774,1,4,14,33,36,45,69000000,06/07/2014
34,2773,6,16,43,45,47,54,67000000,02/07/2014
34,2772,2,5,10,29,40,48,65000000,29/06/2014
34,2771,6,17,32,49,54,55,64000000,25/06/2014
34,2770,2,4,7,16,52,54,63000000,22/06/2014
34,2769,12,13,31,35,37,49,62000000,18/06/2014
34,2768,20,24,28,30,54,55,59000000,15/06/2014
34,2767,2,25,26,36,37,38,57000000,11/06/2014
34,2766,13,14,22,24,45,51,55500000,08/06/2014
34,2765,9,14,20,21,32,50,53500000,04/06/2014
34,2764,4,11,20,25,27,40,51500000,01/06/2014
34,2763,6,18,24,32,33,38,50000000,28/05/2014
34,2762,4,25,51,53,54,55,48000000,25/05/2014
34,2761,2,29,30,34,48,54,47000000,21/05/2014
34,2760,8,19,28,33,38,45,44500000,18/05/2014
34,2759,4,7,19,20,34,38,43000000,14/05/2014
34,2758,8,10,34,45,49,56,41500000,11/05/2014
34,2757,9,10,17,38,50,55,40000000,07/05/2014
34,2756,6,13,18,35,42,53,38000000,04/05/2014
34,2755,4,24,26,32,38,48,37000000,30/04/2014
34,2754,5,8,16,32,36,39,34500000,27/04/2014
34,2753,3,6,8,10,34,53,33000000,23/04/2014
34,2752,21,37,38,40,41,56,31500000,20/04/2014
34,2751,9,14,22,39,42,52,30000000,16/04/2014
34,2750,4,8,21,31,37,41,28500000,13/04/2014
34,2749,1,26,32,33,47,55,27000000,09/04/2014
34,2748,1,15,20,21,33,48,25500000,06/04/2014
34,2747,4,9,11,24,33,56,24000000,02/04/2014
34,2746,4,29,36,38,49,56,22000000,30/03/2014
34,2745,5,18,20,26,27,43,21000000,26/03/2014
34,2744,7,24,32,34,35,51,19000000,23/03/2014
34,2743,17,24,27,29,32,51,18000000,19/03/2014
34,2742,10,13,16,23,39,42,16000000,16/03/2014
34,2741,9,27,31,33,42,45,14500000,12/03/2014
34,2740,1,17,19,25,36,53,13500000,09/03/2014
34,2739,10,16,28,29,37,48,13000000,05/03/2014
34,2738,4,13,22,29,32,40,12500000,02/03/2014
34,2737,11,34,43,52,54,55,12000000,26/02/2014
34,2736,11,29,32,43,51,52,11500000,23/02/2014
34,2735,6,12,41,46,52,56,11000000,19/02/2014
34,2734,6,8,9,13,29,48,10500000,16/02/2014
34,2733,3,15,16,22,30,34,10000000,12/02/2014
34,2732,11,13,31,39,45,53,96000000,09/02/2014
34,2731,10,34,39,42,44,54,94000000,05/02/2014
34,2730,12,13,31,34,47,50,92000000,02/02/2014
34,2729,8,19,34,39,41,54,90500000,29/01/2014
34,2728,11,15,20,24,47,48,89000000,26/01/2014
34,2727,16,29,38,40,48,49,87000000,22/01/2014
34,2726,3,5,19,28,33,56,85000000,19/01/2014
34,2725,12,19,22,30,39,56,83500000,15/01/2014
34,2724,6,7,12,22,31,45,81500000,12/01/2014
34,2723,11,14,21,27,47,54,79500000,08/01/2014
34,2722,5,14,19,46,54,55,78000000,05/01/2014
34,2721,2,10,24,31,35,49,76000000,01/01/2014
34,2720,3,7,8,17,21,48,74000000,29/12/2013
34,2719,2,7,31,40,53,56,72500000,25/12/2013
34,2718,24,25,30,35,55,56,71000000,22/12/2013
34,2717,7,19,29,34,41,47,69000000,18/12/2013
34,2716,2,18,25,41,42,51,67500000,15/12/2013
34,2715,3,7,30,40,48,54,66000000,11/12/2013
34,2714,28,31,40,49,53,54,64000000,08/12/2013
34,2713,11,14,39,41,47,52,62000000,04/12/2013
34,2712,8,17,34,37,42,43,60500000,01/12/2013
34,2711,15,30,34,35,38,51,59000000,27/11/2013
34,2710,10,13,18,26,28,37,57000000,24/11/2013
34,2709,5,7,20,40,42,48,56000000,20/11/2013
34,2708,7,22,38,42,44,54,54000000,17/11/2013
34,2707,3,7,19,21,25,47,53000000,13/11/2013
34,2706,1,8,26,33,54,55,51000000,10/11/2013
34,2705,5,6,18,41,54,56,49000000,06/11/2013
34,2704,20,27,31,42,53,54,47000000,03/11/2013
34,2703,11,15,17,20,22,54,46000000,30/10/2013
34,2702,18,22,23,26,42,49,44500000,27/10/2013
34,2701,11,15,19,27,36,38,43000000,23/10/2013
34,2700,12,15,27,44,46,48,41500000,20/10/2013
34,2699,23,25,32,43,49,55,40000000,16/10/2013
34,2698,14,21,26,30,35,39,38000000,13/10/2013
34,2697,6,9,23,36,45,49,37000000,09/10/2013
34,2696,12,18,20,23,25,44,35000000,06/10/2013
34,2695,21,26,35,42,44,51,34000000,02/10/2013
34,2694,6,17,26,31,44,48,32000000,29/09/2013
34,2693,8,13,21,32,35,50,30500000,25/09/2013
34,2692,3,7,12,26,32,46,28500000,22/09/2013
34,2691,8,33,42,43,44,56,27500000,18/09/2013
34,2690,11,15,24,36,41,53,26000000,15/09/2013
34,2689,4,6,13,22,26,49,24500000,11/09/2013
34,2688,3,6,12,24,27,44,22500000,08/09/2013
34,2687,7,9,20,24,31,40,21000000,04/09/2013
34,2686,8,18,22,36,39,56,19000000,01/09/2013
34,2685,2,12,24,34,41,47,18000000,28/08/2013
34,2684,16,24,25,39,48,52,16000000,25/08/2013
34,2683,16,24,42,53,54,56,15000000,21/08/2013
34,2682,12,25,26,36,44,50,13000000,18/08/2013
34,2681,11,21,24,40,53,56,12500000,14/08/2013
34,2680,5,14,15,28,41,55,12000000,11/08/2013
34,2679,18,21,35,37,43,44,11500000,07/08/2013
34,2678,7,11,15,16,28,49,11000000,04/08/2013
34,2677,10,20,21,31,33,37,10500000,31/07/2013
34,2676,2,4,17,18,20,40,10000000,28/07/2013
34,2675,7,19,25,38,40,47,10000000,24/07/2013
34,2674,19,34,40,46,48,52,19000000,21/07/2013
34,2673,27,28,33,37,44,47,17000000,17/07/2013
34,2672,30,31,41,43,46,49,14500000,14/07/2013
34,2671,3,4,11,19,45,55,12500000,10/07/2013
34,2670,4,28,30,33,40,56,11500000,07/07/2013
34,2669,29,34,36,50,51,54,11000000,03/07/2013
34,2668,2,7,16,18,28,33,10500000,30/06/2013
34,2667,1,7,9,20,37,41,10000000,26/06/2013
34,2666,2,3,25,28,32,42,210000000,23/06/2013
34,2665,2,5,24,27,35,44,207000000,19/06/2013
34,2664,16,22,27,33,47,55,203500000,16/06/2013
34,2663,3,28,32,34,50,54,201500000,12/06/2013
34,2662,20,27,31,33,35,45,198500000,09/06/2013
34,2661,7,9,25,30,46,47,195000000,05/06/2013
34,2660,7,14,18,27,39,46,192000000,02/06/2013
34,2659,15,16,21,24,33,50,189000000,29/05/2013
34,2658,28,34,45,46,48,55,186500000,26/05/2013
34,2657,12,28,31,33,52,53,184000000,22/05/2013
34,2656,4,8,15,19,27,43,181000000,19/05/2013
34,2655,16,27,35,42,51,54,178000000,15/05/2013
34,2654,1,6,7,9,20,30,176000000,12/05/2013
34,2653,17,23,30,35,48,53,173000000,08/05/2013
34,2652,12,17,20,21,27,41,170000000,05/05/2013
34,2651,2,14,18,25,36,55,168000000,01/05/2013
34,2650,11,12,25,29,38,50,164500000,28/04/2013
34,2649,10,11,18,26,31,45,162500000,24/04/2013
34,2648,5,14,40,44,50,54,160000000,21/04/2013
34,2647,16,23,31,33,36,49,157500000,17/04/2013
34,2646,8,11,17,23,29,40,155000000,14/04/2013
34,2645,6,28,33,37,49,54,152500000,10/04/2013
34,2644,5,11,25,29,45,54,149500000,07/04/2013
34,2643,13,17,18,21,37,45,147000000,03/04/2013
34,2642,4,30,39,47,50,53,144500000,31/03/2013
34,2641,6,12,18,24,32,42,142500000,27/03/2013
34,2640,17,18,24,32,38,42,140500000,24/03/2013
34,2639,27,30,39,42,44,52,138500000,20/03/2013
34,2638,11,15,23,24,35,40,136000000,17/03/2013
34,2637,10,17,33,35,36,38,133500000,13/03/2013
34,2636,4,14,28,30,32,36,131000000,10/03/2013
34,2635,2,6,13,45,46,52,129000000,06/03/2013
34,2634,5,11,19,40,52,55,126500000,03/03/2013
34,2633,2,5,18,19,33,35,124000000,27/02/2013
34,2632,2,27,37,41,48,54,122000000,24/02/2013
34,2631,3,4,17,39,48,53,120500000,20/02/2013
34,2630,1,17,46,48,50,52,118000000,17/02/2013
34,2629,6,20,22,24,44,55,116000000,13/02/2013
34,2628,6,14,32,33,41,50,114000000,10/02/2013
34,2627,15,30,33,37,52,53,111500000,06/02/2013
34,2626,13,22,32,33,44,53,110000000,03/02/2013
34,2625,10,24,26,30,43,54,107500000,30/01/2013
34,2624,4,8,21,35,41,56,105500000,27/01/2013
34,2623,2,8,13,49,50,54,103500000,23/01/2013
34,2622,2,21,37,41,54,56,101500000,20/01/2013
34,2621,1,5,12,13,30,45,100000000,16/01/2013
34,2620,2,6,28,29,39,50,97500000,13/01/2013
34,2619,5,15,24,28,32,51,95500000,09/01/2013
34,2618,4,26,27,31,43,51,93500000,06/01/2013
34,2617,22,23,27,39,49,52,92000000,02/01/2013
34,2616,1,16,29,37,46,52,90000000,30/12/2012
34,2615,3,8,9,21,26,50,88500000,26/12/2012
34,2614,3,22,32,37,50,56,86500000,23/12/2012
34,2613,12,19,33,44,45,54,85000000,19/12/2012
34,2612,8,14,25,35,43,44,83000000,16/12/2012
34,2611,2,3,16,26,37,52,81500000,12/12/2012
34,2610,8,22,32,34,39,56,79500000,09/12/2012
34,2609,16,24,33,36,38,45,78000000,05/12/2012
34,2608,2,6,23,46,48,53,76000000,02/12/2012
34,2607,17,19,32,51,53,54,74000000,28/11/2012
34,2606,16,22,24,31,46,53,73000000,25/11/2012
34,2605,3,8,9,15,26,55,72000000,21/11/2012
34,2604,1,6,7,17,25,52,70000000,18/11/2012
34,2603,5,9,16,19,24,30,69000000,14/11/2012
34,2602,1,2,6,30,34,51,67000000,11/11/2012
34,2601,10,27,47,51,52,53,66000000,07/11/2012
34,2600,4,6,12,51,54,55,64000000,04/11/2012
34,2599,25,26,28,45,48,49,63000000,31/10/2012
34,2598,2,34,40,43,49,54,61000000,28/10/2012
34,2597,4,11,32,38,47,55,60000000,24/10/2012
34,2596,7,9,34,36,38,40,58000000,21/10/2012
34,2595,5,11,23,37,39,54,57000000,17/10/2012
34,2594,5,7,9,23,25,29,55500000,14/10/2012
34,2593,3,19,38,43,46,48,54000000,10/10/2012
34,2592,13,14,16,24,26,36,52500000,07/10/2012
34,2591,10,17,23,39,42,56,51000000,03/10/2012
34,2590,9,12,17,31,41,47,49000000,30/09/2012
34,2589,1,9,12,34,36,44,48000000,26/09/2012
34,2588,7,15,18,45,48,55,47000000,23/09/2012
34,2587,7,27,34,42,46,55,45500000,19/09/2012
34,2586,18,20,26,27,29,49,44000000,16/09/2012
34,2585,7,8,12,21,37,51,43000000,12/09/2012
34,2584,3,4,25,41,42,51,41500000,09/09/2012
34,2583,17,19,21,22,45,49,40000000,05/09/2012
34,2582,4,8,30,39,49,56,38500000,02/09/2012
34,2581,7,9,11,26,50,52,37000000,29/08/2012
34,2580,6,22,24,27,41,54,36000000,26/08/2012
34,2579,8,18,41,42,44,52,35000000,22/08/2012
34,2578,28,32,33,37,50,53,33000000,19/08/2012
34,2577,1,4,11,22,44,52,32000000,15/08/2012
34,2576,9,11,27,40,41,44,30500000,12/08/2012
34,2575,9,14,15,18,35,38,29500000,08/08/2012
34,2574,4,7,10,24,44,54,28000000,05/08/2012
34,2573,23,28,37,41,46,50,26500000,01/08/2012
34,2572,4,12,18,29,45,54,25500000,29/07/2012
34,2571,15,23,25,28,37,45,24500000,25/07/2012
34,2570,5,13,14,28,41,52,23000000,22/07/2012
34,2569,3,7,9,27,45,55,22000000,18/07/2012
34,2568,10,25,29,31,49,55,20500000,15/07/2012
34,2567,14,16,17,31,46,55,19000000,11/07/2012
34,2566,10,16,19,20,40,52,17000000,08/07/2012
34,2565,6,21,35,38,45,54,16000000,04/07/2012
34,2564,1,16,17,32,45,51,14000000,01/07/2012
34,2563,15,20,33,36,40,48,13500000,27/06/2012
34,2562,2,3,12,18,27,50,13000000,24/06/2012
34,2561,16,27,34,42,47,49,12500000,20/06/2012
34,2560,5,11,12,20,42,47,12000000,17/06/2012
34,2559,8,9,16,39,41,42,11500000,13/06/2012
34,2558,6,14,19,37,39,50,11000000,10/06/2012
34,2557,1,17,20,22,28,32,10500000,06/06/2012
34,2556,8,13,21,27,33,36,10000000,03/06/2012
34,2555,5,20,21,39,45,52,17500000,30/05/2012
34,2554,8,18,22,24,32,38,15500000,27/05/2012
34,2553,27,33,41,47,51,54,14000000,23/05/2012
34,2552,4,7,19,24,31,32,13500000,20/05/2012
34,2551,1,5,23,43,54,55,13000000,16/05/2012
34,2550,7,10,31,38,40,45,12500000,13/05/2012
34,2549,2,11,13,20,42,43,12000000,09/05/2012
34,2548,5,12,35,49,52,54,11500000,06/05/2012
34,2547,5,7,21,27,41,54,11000000,02/05/2012
34,2546,8,22,31,34,36,45,10500000,29/04/2012
34,2545,6,15,22,28,36,45,10000000,25/04/2012
34,2544,15,19,36,42,44,50,120000000,22/04/2012
34,2543,2,11,23,27,51,53,118000000,18/04/2012
34,2542,1,4,15,17,32,42,116000000,15/04/2012
34,2541,5,19,22,28,47,52,114000000,11/04/2012
34,2540,1,6,7,23,44,53,112000000,08/04/2012
34,2539,12,13,15,29,48,54,110000000,04/04/2012
34,2538,22,23,24,28,30,42,108000000,01/04/2012
34,2537,4,10,13,32,35,42,107000000,28/03/2012
34,2536,8,24,26,28,51,56,105000000,25/03/2012
34,2535,1,9,20,31,43,56,104000000,21/03/2012
34,2534,1,16,20,31,41,43,102000000,18/03/2012
34,2533,4,8,28,46,53,56,100000000,14/03/2012
34,2532,6,18,23,24,30,54,99000000,11/03/2012
34,2531,1,7,16,35,45,55,97000000,07/03/2012
34,2530,2,11,24,26,48,51,95000000,04/03/2012
34,2529,8,9,12,18,28,42,93000000,29/02/2012
34,2528,5,14,20,30,31,36,92000000,26/02/2012
34,2527,9,11,17,25,45,53,90000000,22/02/2012
34,2526,9,24,27,32,36,52,88000000,19/02/2012
34,2525,5,18,24,35,43,56,87000000,15/02/2012
34,2524,8,9,27,39,47,52,85000000,12/02/2012
34,2523,2,13,40,48,49,56,84000000,08/02/2012
34,2522,4,5,6,24,32,50,82000000,05/02/2012
34,2521,27,30,37,43,44,55,81000000,01/02/2012
34,2520,6,7,24,42,48,50,79000000,29/01/2012
34,2519,20,34,45,48,54,55,78000000,25/01/2012
34,2518,8,24,26,31,33,52,76000000,22/01/2012
34,2517,8,21,28,49,51,55,74000000,18/01/2012
34,2516,1,5,11,19,25,49,73000000,15/01/2012
34,2515,9,11,13,20,22,32,71000000,11/01/2012
34,2514,10,15,17,22,40,45,69000000,08/01/2012
34,2513,13,15,22,23,36,38,68000000,04/01/2012
34,2512,12,28,31,40,52,54,66000000,01/01/2012
34,2511,10,12,20,21,29,54,64000000,28/12/2011
34,2510,19,33,35,41,45,56,63000000,25/12/2011
34,2509,13,23,26,29,35,36,61000000,21/12/2011
34,2508,1,2,12,30,42,53,60000000,18/12/2011
34,2507,2,7,14,22,37,43,58000000,14/12/2011
34,2506,3,9,10,11,29,30,57000000,11/12/2011
34,2505,4,24,32,45,50,56,55000000,07/12/2011
34,2504,5,7,10,14,22,27,54000000,04/12/2011
34,2503,9,23,24,26,43,50,52000000,30/11/2011
34,2502,1,10,28,35,39,51,50000000,27/11/2011
34,2501,20,24,29,47,50,56,49000000,23/11/2011
34,2500,6,11,29,39,43,47,47000000,20/11/2011
34,2499,1,15,20,39,42,49,46000000,16/11/2011
34,2498,5,22,28,30,49,54,44000000,13/11/2011
34,2497,5,10,20,47,51,56,43000000,09/11/2011
34,2496,8,15,20,32,34,45,41000000,06/11/2011
34,2495,3,15,28,40,48,55,40000000,02/11/2011
34,2494,2,19,40,47,48,49,38000000,30/10/2011
34,2493,9,31,40,49,52,55,36000000,26/10/2011
34,2492,7,11,14,50,52,54,34000000,23/10/2011
34,2491,3,8,11,23,46,56,32000000,19/10/2011
34,2490,1,2,22,24,28,29,30000000,16/10/2011
34,2489,24,28,37,47,48,52,28000000,12/10/2011
34,2488,22,35,39,40,49,52,27000000,09/10/2011
34,2487,17,21,38,48,50,52,25000000,05/10/2011
34,2486,4,5,22,32,35,39,23000000,02/10/2011
34,2485,16,27,33,35,37,40,22000000,28/09/2011
34,2484,9,11,38,43,45,54,20000000,25/09/2011
34,2483,4,15,25,32,53,54,18000000,21/09/2011
34,2482,27,31,39,41,49,55,17000000,18/09/2011
34,2481,3,22,26,31,47,56,15500000,14/09/2011
34,2480,1,12,19,30,42,53,14000000,11/09/2011
34,2479,7,16,31,32,42,45,13500000,07/09/2011
34,2478,16,22,24,37,52,53,13000000,04/09/2011
34,2477,3,9,12,16,17,36,12500000,31/08/2011
34,2476,17,21,39,41,44,49,12000000,28/08/2011
34,2475,10,17,25,29,51,56,11500000,24/08/2011
34,2474,3,10,16,33,44,48,11000000,21/08/2011
34,2473,9,16,39,41,44,45,10500000,17/08/2011
34,2472,3,27,33,39,43,51,10000000,14/08/2011
34,2471,7,14,19,34,35,44,12000000,10/08/2011
34,2470,1,7,11,19,35,42,11500000,07/08/2011
34,2469,1,9,14,37,40,41,11000000,03/08/2011
34,2468,7,9,16,24,37,54,10500000,31/07/2011
34,2467,13,18,34,37,46,52,10000000,27/07/2011
34,2466,1,3,11,14,39,41,14000000,24/07/2011
34,2465,3,24,37,45,52,54,13500000,20/07/2011
34,2464,10,13,37,44,46,53,13000000,17/07/2011
34,2463,1,6,12,24,28,33,12500000,13/07/2011
34,2462,2,5,10,15,20,31,12000000,10/07/2011
34,2461,3,6,12,26,34,46,11500000,06/07/2011
34,2460,15,25,32,33,37,45,11000000,03/07/2011
34,2459,4,9,28,40,51,55,10500000,29/06/2011
34,2458,4,13,14,17,23,24,10000000,26/06/2011
34,2457,20,23,32,38,43,44,129000000,22/06/2011
34,2456,1,11,12,19,20,27,127000000,19/06/2011
34,2455,7,12,24,36,46,54,125000000,15/06/2011
34,2454,3,8,18,29,35,52,123000000,12/06/2011
34,2453,9,13,26,37,43,50,122000000,08/06/2011
34,2452,7,18,23,27,45,54,120000000,05/06/2011
34,2451,25,32,39,40,41,54,118000000,01/06/2011
34,2450,2,4,14,24,29,39,116000000,29/05/2011
34,2449,6,9,16,33,45,48,114000000,25/05/2011
34,2448,14,30,34,36,55,56,113000000,22/05/2011
34,2447,2,3,7,22,38,50,111000000,18/05/2011
34,2446,2,15,30,33,42,53,110000000,15/05/2011
34,2445,13,17,41,50,53,55,108000000,11/05/2011
34,2444,20,23,38,49,50,53,106000000,08/05/2011
34,2443,2,13,24,27,28,34,104000000,04/05/2011
34,2442,1,14,19,42,47,52,101000000,01/05/2011
34,2441,4,7,16,42,43,52,100000000,27/04/2011
34,2440,7,10,26,36,48,54,98000000,24/04/2011
34,2439,21,28,31,35,36,41,96000000,20/04/2011
34,2438,1,5,18,34,36,51,94000000,17/04/2011
34,2437,3,4,11,15,52,53,92000000,13/04/2011
34,2436,3,4,12,23,46,49,90000000,10/04/2011
34,2435,3,8,23,31,50,51,88000000,06/04/2011
34,2434,1,19,36,47,49,52,86000000,03/04/2011
34,2433,4,5,18,33,36,49,85000000,30/03/2011
34,2432,13,16,31,40,44,52,83000000,27/03/2011
34,2431,5,8,14,20,27,46,81000000,23/03/2011
34,2430,5,13,24,28,36,38,80000000,20/03/2011
34,2429,11,19,28,31,43,45,78000000,16/03/2011
34,2428,6,7,31,42,50,52,76000000,13/03/2011
34,2427,2,20,21,33,39,47,75000000,09/03/2011
34,2426,6,25,29,38,42,50,73000000,06/03/2011
34,2425,5,12,16,28,31,47,72000000,02/03/2011
34,2424,13,26,33,35,37,49,70000000,27/02/2011
34,2423,2,15,21,24,27,53,69000000,23/02/2011
34,2422,18,21,24,28,37,39,67000000,20/02/2011
34,2421,5,12,14,15,46,50,66000000,16/02/2011
34,2420,19,21,27,30,51,53,64000000,13/02/2011
34,2419,4,21,36,39,42,56,63000000,09/02/2011
34,2418,11,15,22,34,46,48,62000000,06/02/2011
34,2417,10,12,17,27,32,47,60000000,02/02/2011
34,2416,13,18,39,47,50,52,59000000,30/01/2011
34,2415,10,12,22,25,44,53,57000000,26/01/2011
34,2414,10,19,22,28,30,33,56000000,23/01/2011
34,2413,6,9,14,22,35,38,55000000,19/01/2011
34,2412,1,9,43,52,54,55,53500000,16/01/2011
34,2411,4,7,25,42,49,56,52000000,12/01/2011
34,2410,11,15,18,25,34,49,51000000,09/01/2011
34,2409,1,9,27,38,39,56,49000000,05/01/2011
34,2408,6,25,29,33,42,46,48000000,02/01/2011
34,2407,2,4,11,12,33,54,46000000,29/12/2010
34,2406,4,8,11,34,46,52,45000000,26/12/2010
34,2405,19,21,40,44,50,52,43000000,22/12/2010
34,2404,2,4,24,25,43,50,42000000,19/12/2010
34,2403,6,10,16,28,33,48,41000000,15/12/2010
34,2402,18,28,35,36,48,53,39000000,12/12/2010
34,2401,15,19,20,24,46,56,38000000,08/12/2010
34,2400,3,6,7,15,24,31,37000000,05/12/2010
34,2399,3,7,15,22,29,53,36000000,01/12/2010
34,2398,5,22,41,45,55,56,34000000,28/11/2010
34,2397,13,22,29,34,39,49,33000000,24/11/2010
34,2396,3,4,24,35,44,54,32000000,21/11/2010
34,2395,5,27,31,32,42,53,31000000,17/11/2010
34,2394,3,17,28,42,51,53,29000000,14/11/2010
34,2393,9,30,34,38,45,52,28000000,10/11/2010
34,2392,3,21,28,44,48,49,27000000,07/11/2010
34,2391,8,9,13,17,21,39,26000000,03/11/2010
34,2390,5,31,32,40,41,54,24000000,31/10/2010
34,2389,7,11,12,32,48,51,23500000,27/10/2010
34,2388,10,19,26,38,45,49,22000000,24/10/2010
34,2387,3,14,16,19,51,53,21000000,20/10/2010
34,2386,18,21,24,27,47,49,20000000,17/10/2010
34,2385,12,13,30,31,47,52,19000000,13/10/2010
34,2384,5,10,22,25,39,45,17500000,10/10/2010
34,2383,18,26,27,37,42,45,16500000,06/10/2010
34,2382,3,7,19,30,44,56,16000000,03/10/2010
34,2381,21,23,27,29,43,45,15500000,29/09/2010
34,2380,5,6,9,23,27,45,15000000,26/09/2010
34,2379,13,26,28,37,42,53,14500000,22/09/2010
34,2378,11,14,24,26,28,36,14000000,19/09/2010
34,2377,3,8,25,26,30,33,13500000,15/09/2010
34,2376,1,6,21,40,46,54,13000000,12/09/2010
34,2375,3,12,25,30,34,51,12500000,08/09/2010
34,2374,7,14,18,38,43,47,12000000,05/09/2010
34,2373,7,19,29,40,52,55,11500000,01/09/2010
34,2372,1,13,23,31,32,48,11000000,29/08/2010
34,2371,6,8,12,20,23,37,10500000,25/08/2010
